idccaa,gasoleo_a,gasolina_95
09,1.435,1.504
09,1.6438328804347826,1.6622929292929294
09,2.125,1.859
13,1.457,1.49
13,1.679688833124216,1.690780487804878
13,2.199,1.754
